{
  "batch_size": 64,
  "dropout": 0.35941868229662427,
  "forecast_size": 10,
  "lr": 0.0001220909133018182,
  "n_epochs": 10,
  "units": 64,
  "weight_decay": 0.0007814934268293896,
  "window_size": 120
}