{
  "batch_size": 32,
  "dropout": 0.11785488568092686,
  "lr": 0.0018386407018477692,
  "n_epochs": 20,
  "units": 128,
  "weight_decay": 2.359347664703408e-05
}