{
  "batch_size": 64,
  "dropout": 0.2933386561827967,
  "lr": 0.0001318958112895503,
  "n_epochs": 20,
  "units": 64,
  "weight_decay": 8.051760997884035e-05
}