{
  "batch_size": 32,
  "dropout": 0.491530154287694,
  "lr": 0.0018461562898007058,
  "n_epochs": 15,
  "units": 32,
  "weight_decay": 0.0003824529724462003
}