{
  "batch_size": 32,
  "dropout": 0.42583952664500546,
  "lr": 0.0060654560761130155,
  "n_epochs": 20,
  "units": 64,
  "weight_decay": 0.003390386410840489
}