{
  "batch_size": 128,
  "dropout": 0.40210518534570905,
  "lr": 0.00026221094999962614,
  "n_epochs": 15,
  "units": 32,
  "weight_decay": 5.738786957831047e-05
}