{
  "batch_size": 32,
  "dropout": 0.18631994471124097,
  "lr": 0.0017047611103955525,
  "n_epochs": 20,
  "units": 64,
  "weight_decay": 0.00010241872695956109
}