{
  "batch_size": 32,
  "dropout": 0.15239076524159578,
  "lr": 0.0014972280435165328,
  "n_epochs": 20,
  "units": 32,
  "weight_decay": 0.0006903887809158399
}