{
  "batch_size": 128,
  "dropout": 0.14974177405968808,
  "lr": 0.00017656216088977983,
  "n_epochs": 15,
  "units": 128,
  "weight_decay": 0.006736839122299076
}