{
  "batch_size": 128,
  "dropout": 0.19961447608875127,
  "lr": 0.0005295658398066908,
  "n_epochs": 10,
  "units": 32,
  "weight_decay": 1.9024162272320817e-05
}