{
  "batch_size": 128,
  "dropout": 0.30379192837147206,
  "lr": 0.0008561147794664218,
  "n_epochs": 10,
  "units": 128,
  "weight_decay": 0.0012766944496822971
}