{
  "batch_size": 16,
  "dropout": 0.4354226665799521,
  "forecast_size": 10,
  "lr": 0.0005594732238239579,
  "n_epochs": 10,
  "units": 128,
  "weight_decay": 0.008497304977996015,
  "window_size": 60
}