{
  "batch_size": 32,
  "dropout": 0.35003840352889803,
  "lr": 0.008203497413874739,
  "n_epochs": 10,
  "units": 64,
  "weight_decay": 4.7968083026378855e-05
}