{
  "batch_size": 128,
  "dropout": 0.15663108499078301,
  "lr": 0.00025195007177720215,
  "n_epochs": 20,
  "units": 128,
  "weight_decay": 5.109448411514162e-05
}