{
  "batch_size": 64,
  "dropout": 0.4862056865675154,
  "lr": 0.009810799734360198,
  "n_epochs": 15,
  "units": 64,
  "weight_decay": 1.578949402829132e-05
}