{
  "batch_size": 16,
  "dropout": 0.38121236633254907,
  "forecast_size": 60,
  "lr": 0.008559710116824671,
  "n_epochs": 15,
  "units": 128,
  "weight_decay": 0.0034279679818402997,
  "window_size": 120
}