{
  "batch_size": 128,
  "dropout": 0.40359712392814606,
  "lr": 0.0004860947344626604,
  "n_epochs": 15,
  "units": 64,
  "weight_decay": 0.004909351648053312
}