{
  "batch_size": 128,
  "dropout": 0.18870293601629845,
  "lr": 0.00035625874633391343,
  "n_epochs": 20,
  "units": 64,
  "weight_decay": 0.0007751836906158022
}