{
  "batch_size": 16,
  "dropout": 0.5843803028854265,
  "forecast_size": 15,
  "lr": 0.003578955267902792,
  "n_epochs": 15,
  "units": 256,
  "weight_decay": 0.00040050880733727786,
  "window_size": 60
}