{
  "batch_size": 64,
  "dropout": 0.546484539901368,
  "forecast_size": 10,
  "lr": 0.0003222435695840891,
  "n_epochs": 10,
  "units": 128,
  "weight_decay": 0.004657512407148771,
  "window_size": 120
}