{
  "batch_size": 128,
  "dropout": 0.3267796738512202,
  "lr": 0.002557688744511466,
  "n_epochs": 15,
  "units": 32,
  "weight_decay": 0.003787072181421324
}