{
  "batch_size": 64,
  "dropout": 0.26321965898655586,
  "lr": 0.0010552267553225192,
  "n_epochs": 10,
  "units": 64,
  "weight_decay": 4.113664418439979e-05
}