{
  "batch_size": 32,
  "dropout": 0.10324899141934028,
  "forecast_size": 15,
  "lr": 0.0016233739791872738,
  "n_epochs": 10,
  "units": 32,
  "weight_decay": 0.008004600545782208,
  "window_size": 120
}