{
  "batch_size": 16,
  "dropout": 0.40364937832898357,
  "forecast_size": 30,
  "lr": 0.00021866077767734027,
  "n_epochs": 15,
  "units": 128,
  "weight_decay": 0.0006966589100671398,
  "window_size": 60
}