{
  "batch_size": 32,
  "dropout": 0.31287533789276845,
  "lr": 0.0002014432053693625,
  "n_epochs": 10,
  "units": 128,
  "weight_decay": 0.005124629175425153
}