{
  "batch_size": 64,
  "dropout": 0.27411004276769285,
  "lr": 0.005257978816489809,
  "n_epochs": 10,
  "units": 128,
  "weight_decay": 3.903439722653794e-05
}