{
  "batch_size": 64,
  "dropout": 0.21663667638212203,
  "lr": 0.002488590053695145,
  "n_epochs": 20,
  "units": 128,
  "weight_decay": 0.00024102950087814433
}