{
  "batch_size": 128,
  "d_model": 64,
  "dropout": 0.1928436025234207,
  "lr": 0.00012982564183627548,
  "n_epochs": 15,
  "n_head": 8,
  "num_layers": 3,
  "weight_decay": 0.0072918983811021895
}