{
  "batch_size": 32,
  "dropout": 0.5133112174390161,
  "forecast_size": 60,
  "lr": 0.00013988974641266513,
  "n_epochs": 10,
  "units": 64,
  "weight_decay": 1.1639963341560922e-05,
  "window_size": 120
}