{
  "batch_size": 128,
  "dropout": 0.4152817232709781,
  "forecast_size": 15,
  "lr": 0.006620071895703269,
  "n_epochs": 10,
  "units": 64,
  "weight_decay": 0.0006843343048380366,
  "window_size": 60
}