{
  "batch_size": 128,
  "dropout": 0.37268945166026757,
  "lr": 0.0001480775222726131,
  "n_epochs": 20,
  "units": 64,
  "weight_decay": 3.187216189833449e-05
}