{
  "batch_size": 64,
  "dropout": 0.4707746203249824,
  "forecast_size": 10,
  "lr": 0.0002588734118321136,
  "n_epochs": 5,
  "units": 64,
  "weight_decay": 7.766077827411254e-05,
  "window_size": 60
}