{
  "batch_size": 128,
  "dropout": 0.28468935014424784,
  "lr": 0.0003197025241643154,
  "n_epochs": 10,
  "units": 32,
  "weight_decay": 0.0013872407681651613
}