{
  "batch_size": 32,
  "d_model": 32,
  "dropout": 0.21319159652141084,
  "lr": 0.000476069365897342,
  "n_epochs": 10,
  "n_head": 6,
  "num_layers": 3,
  "weight_decay": 0.0002150897923250996
}