{
  "batch_size": 64,
  "dropout": 0.36946830970139793,
  "forecast_size": 60,
  "lr": 0.0027704025600778664,
  "n_epochs": 5,
  "units": 256,
  "weight_decay": 0.004835812352900322,
  "window_size": 120
}