{
  "batch_size": 128,
  "dropout": 0.3704228763861257,
  "lr": 0.001171570173023554,
  "n_epochs": 10,
  "units": 32,
  "weight_decay": 7.186861394184786e-05
}