{
  "batch_size": 128,
  "dropout": 0.3794587559615893,
  "lr": 0.007805456520643602,
  "n_epochs": 20,
  "units": 64,
  "weight_decay": 0.00024194178261537698
}