{
  "batch_size": 64,
  "dropout": 0.1498733890528423,
  "lr": 0.003610728817396873,
  "n_epochs": 15,
  "units": 64,
  "weight_decay": 1.4571664314424733e-05
}