{
  "batch_size": 128,
  "dropout": 0.46712652001104604,
  "lr": 0.0007713946070289938,
  "n_epochs": 20,
  "units": 128,
  "weight_decay": 0.00012389311248898246
}