{
  "batch_size": 64,
  "dropout": 0.17247248541102267,
  "lr": 0.0017267255851378734,
  "n_epochs": 15,
  "units": 128,
  "weight_decay": 0.00029975169871335753
}