{
  "batch_size": 64,
  "dropout": 0.4674720907244091,
  "lr": 0.0030067310463965753,
  "n_epochs": 20,
  "units": 64,
  "weight_decay": 1.1235138064727352e-05
}