{
  "batch_size": 128,
  "dropout": 0.15795222393426772,
  "lr": 0.0003147961942211877,
  "n_epochs": 10,
  "units": 64,
  "weight_decay": 1.2884808412180941e-05
}