{
  "batch_size": 32,
  "dropout": 0.23116380258361163,
  "lr": 0.0021534923888291593,
  "n_epochs": 20,
  "units": 128,
  "weight_decay": 9.68754623104004e-05
}