{
  "batch_size": 128,
  "dropout": 0.39348186580494304,
  "lr": 0.0001949086285808284,
  "n_epochs": 15,
  "units": 64,
  "weight_decay": 0.0008860670604262348
}