{
  "batch_size": 16,
  "dropout": 0.39409300435529254,
  "forecast_size": 10,
  "lr": 0.00016539223057566765,
  "n_epochs": 10,
  "units": 32,
  "weight_decay": 0.004163813511456145,
  "window_size": 120
}