{
  "batch_size": 32,
  "dropout": 0.48498205027562813,
  "lr": 0.005825565374892179,
  "n_epochs": 10,
  "units": 128,
  "weight_decay": 5.233496530331418e-05
}