{
  "batch_size": 128,
  "dropout": 0.5187844779535329,
  "forecast_size": 30,
  "lr": 0.003357910285858965,
  "n_epochs": 5,
  "units": 256,
  "weight_decay": 1.632025261194147e-05,
  "window_size": 60
}