{
  "batch_size": 64,
  "dropout": 0.29823424174776547,
  "lr": 0.00010950044396247889,
  "n_epochs": 15,
  "units": 64,
  "weight_decay": 0.001254582235438584
}