{
  "batch_size": 32,
  "dropout": 0.35022172562075937,
  "forecast_size": 30,
  "lr": 0.0029913731237037663,
  "n_epochs": 10,
  "units": 64,
  "weight_decay": 0.0031059412025274858,
  "window_size": 60
}