{
  "batch_size": 64,
  "dropout": 0.3952944591284465,
  "lr": 0.00010825151995737286,
  "n_epochs": 20,
  "units": 32,
  "weight_decay": 0.005729073611616044
}