{
  "batch_size": 32,
  "d_model": 64,
  "dropout": 0.33909595878312015,
  "lr": 0.009664277555393005,
  "n_epochs": 20,
  "n_head": 16,
  "num_layers": 3,
  "weight_decay": 1.7191586468724938e-05
}