{
  "batch_size": 32,
  "dropout": 0.38459145382335114,
  "lr": 0.008961388965064222,
  "n_epochs": 20,
  "units": 64,
  "weight_decay": 1.8591710179055573e-05
}