{
  "batch_size": 128,
  "dropout": 0.4540797231689603,
  "lr": 0.0003370749842310533,
  "n_epochs": 10,
  "units": 32,
  "weight_decay": 0.00023754999527723187
}