{
  "batch_size": 32,
  "dropout": 0.1720402274258097,
  "lr": 0.0011716132368232834,
  "n_epochs": 10,
  "units": 64,
  "weight_decay": 0.00044341416022747397
}