{
  "batch_size": 32,
  "dropout": 0.4997742333396521,
  "forecast_size": 30,
  "lr": 0.0002667737962125638,
  "n_epochs": 15,
  "units": 32,
  "weight_decay": 0.00027678302677415343,
  "window_size": 60
}