{
  "batch_size": 128,
  "dropout": 0.41217949657209596,
  "lr": 0.006514863089627244,
  "n_epochs": 15,
  "units": 64,
  "weight_decay": 0.0032317282497426065
}