{
  "batch_size": 64,
  "dropout": 0.3540382527572066,
  "lr": 0.003500522880089259,
  "n_epochs": 20,
  "units": 128,
  "weight_decay": 0.0001252515710664959
}