{
  "batch_size": 128,
  "dropout": 0.3295205665843035,
  "lr": 0.00023441482430841426,
  "n_epochs": 15,
  "units": 64,
  "weight_decay": 7.934329559424582e-05
}