{
  "batch_size": 64,
  "dropout": 0.4483245032931905,
  "lr": 0.0004230451833108264,
  "n_epochs": 10,
  "units": 64,
  "weight_decay": 0.0007801252373732642
}