{
  "batch_size": 32,
  "dropout": 0.527415366189376,
  "forecast_size": 10,
  "lr": 0.0002935994278654286,
  "n_epochs": 5,
  "units": 128,
  "weight_decay": 8.019273570422343e-05,
  "window_size": 60
}