{
  "batch_size": 128,
  "dropout": 0.49340430786488854,
  "lr": 0.0008422091974170568,
  "n_epochs": 20,
  "units": 128,
  "weight_decay": 1.2473441704334517e-05
}