{
  "batch_size": 32,
  "dropout": 0.2252044143185803,
  "lr": 0.0003760445926890741,
  "n_epochs": 10,
  "units": 64,
  "weight_decay": 0.0001457360772795349
}