{
  "batch_size": 128,
  "dropout": 0.1933004338968145,
  "lr": 0.000871066423217165,
  "n_epochs": 10,
  "units": 128,
  "weight_decay": 0.0022151424671943824
}