{
  "batch_size": 128,
  "dropout": 0.29705403081893866,
  "lr": 0.0003528034168540736,
  "n_epochs": 10,
  "units": 64,
  "weight_decay": 1.0557305618597414e-05
}