{
  "batch_size": 64,
  "dropout": 0.4097478444505869,
  "forecast_size": 60,
  "lr": 0.0058948080994154625,
  "n_epochs": 5,
  "units": 64,
  "weight_decay": 0.00019618886503759434,
  "window_size": 180
}