{
  "batch_size": 128,
  "dropout": 0.4015319355669472,
  "lr": 0.0002321050021430534,
  "n_epochs": 10,
  "units": 32,
  "weight_decay": 0.0002903741335963173
}