{
  "batch_size": 32,
  "dropout": 0.39667506493347127,
  "forecast_size": 60,
  "lr": 0.0007439521433954326,
  "n_epochs": 10,
  "units": 32,
  "weight_decay": 2.244787234328749e-05,
  "window_size": 60
}