{
  "batch_size": 128,
  "dropout": 0.159903979424392,
  "lr": 0.001315887333873192,
  "n_epochs": 10,
  "units": 32,
  "weight_decay": 0.002326630895586638
}