{
  "batch_size": 32,
  "dropout": 0.34124379120411796,
  "lr": 0.0006218774288175891,
  "n_epochs": 20,
  "units": 64,
  "weight_decay": 4.027539750915745e-05
}