{
  "batch_size": 64,
  "dropout": 0.1668493843502496,
  "lr": 0.00018851385285965764,
  "n_epochs": 10,
  "units": 32,
  "weight_decay": 0.0003157188108064889
}