{
  "batch_size": 128,
  "dropout": 0.46111252294481,
  "lr": 0.0023966217733216635,
  "n_epochs": 20,
  "units": 128,
  "weight_decay": 0.00437529434767596
}