{
  "batch_size": 64,
  "dropout": 0.17963728110303845,
  "lr": 0.009242523202964165,
  "n_epochs": 10,
  "units": 128,
  "weight_decay": 0.00309608175347013
}