{
  "batch_size": 32,
  "dropout": 0.23895146508830578,
  "lr": 0.002646068144896965,
  "n_epochs": 20,
  "units": 64,
  "weight_decay": 0.00013281063620442787
}