{
  "batch_size": 32,
  "dropout": 0.2085487161936782,
  "lr": 0.0003645543150637122,
  "n_epochs": 15,
  "units": 64,
  "weight_decay": 0.005746902834754203
}