{
  "batch_size": 16,
  "dropout": 0.5327594395187142,
  "forecast_size": 30,
  "lr": 0.004806286291545033,
  "n_epochs": 5,
  "units": 128,
  "weight_decay": 6.295085624514756e-05,
  "window_size": 60
}