{
  "batch_size": 64,
  "dropout": 0.3051332529996398,
  "lr": 0.0017424149936042831,
  "n_epochs": 15,
  "units": 128,
  "weight_decay": 0.00014838449738172562
}