{
  "batch_size": 64,
  "dropout": 0.16234782139438161,
  "forecast_size": 30,
  "lr": 0.00012663493191078916,
  "n_epochs": 10,
  "units": 32,
  "weight_decay": 1.1809053997007567e-05,
  "window_size": 60
}