{
  "batch_size": 64,
  "dropout": 0.4018162680459446,
  "lr": 0.0004341589918892732,
  "n_epochs": 10,
  "units": 32,
  "weight_decay": 0.004108512298546244
}