{
  "batch_size": 64,
  "dropout": 0.4494585159007568,
  "lr": 0.0015674842991642375,
  "n_epochs": 20,
  "units": 128,
  "weight_decay": 0.0009868743065824328
}