{
  "batch_size": 64,
  "dropout": 0.5944708972513388,
  "forecast_size": 30,
  "lr": 0.0001718750157412344,
  "n_epochs": 5,
  "units": 64,
  "weight_decay": 0.0022847801663600864,
  "window_size": 120
}