{
  "batch_size": 16,
  "dropout": 0.5446055733961779,
  "forecast_size": 10,
  "lr": 0.0001845131503808314,
  "n_epochs": 10,
  "units": 64,
  "weight_decay": 7.366827572778356e-05,
  "window_size": 120
}