{
  "batch_size": 16,
  "dropout": 0.4124741380224891,
  "forecast_size": 60,
  "lr": 0.0004191455781282697,
  "n_epochs": 15,
  "units": 64,
  "weight_decay": 0.00011799544389957634,
  "window_size": 180
}