{
  "batch_size": 64,
  "dropout": 0.15274519646287638,
  "lr": 0.0031227540553469615,
  "n_epochs": 20,
  "units": 64,
  "weight_decay": 0.0030228903581502745
}