{
  "batch_size": 16,
  "dropout": 0.5023743447759407,
  "forecast_size": 60,
  "lr": 0.0025236935401039134,
  "n_epochs": 15,
  "units": 32,
  "weight_decay": 0.0021242351748116213,
  "window_size": 180
}