{
  "batch_size": 128,
  "dropout": 0.22380441577550192,
  "lr": 0.0011039594291941692,
  "n_epochs": 15,
  "units": 128,
  "weight_decay": 0.0008773501432001079
}