{
  "batch_size": 32,
  "d_model": 32,
  "dropout": 0.21049716315680428,
  "lr": 0.0005775078601000241,
  "n_epochs": 20,
  "n_head": 6,
  "num_layers": 2,
  "weight_decay": 0.0006085886542008237
}