{
  "batch_size": 64,
  "dropout": 0.3872826186728323,
  "lr": 0.0001268411651669805,
  "n_epochs": 20,
  "units": 32,
  "weight_decay": 0.00019291780051456587
}