{
  "batch_size": 128,
  "d_model": 32,
  "dropout": 0.353878353694,
  "lr": 0.007523241796713047,
  "n_epochs": 15,
  "n_head": 6,
  "num_layers": 2,
  "weight_decay": 0.0010611048809792422
}