{
  "batch_size": 128,
  "dropout": 0.3051444149074173,
  "lr": 0.002248773302057015,
  "n_epochs": 10,
  "units": 128,
  "weight_decay": 0.009278036496145095
}