{
  "batch_size": 32,
  "dropout": 0.14150162513287246,
  "lr": 0.0017697861093969964,
  "n_epochs": 15,
  "units": 64,
  "weight_decay": 7.481345510209698e-05
}