{
  "batch_size": 32,
  "dropout": 0.22148584585583656,
  "lr": 0.00024960305387285587,
  "n_epochs": 20,
  "units": 128,
  "weight_decay": 9.997993041619438e-05
}