{"trial_data": [["{\n  \"stub\": false,\n  \"trainable_name\": \"train_fn\",\n  \"trial_id\": \"1ece9_00000\",\n  \"storage\": {\n    \"_type\": \"CLOUDPICKLE_FALLBACK\",\n    \"value\": \"8005958f020000000000008c1b7261792e747261696e2e5f696e7465726e616c2e73746f72616765948c0e53746f72616765436f6e746578749493942981947d94288c12637573746f6d5f66735f70726f766964656494898c136578706572696d656e745f6469725f6e616d65948c11726573765f6d6f64656c5f74756e696e67948c0e747269616c5f6469725f6e616d65948c11747269616c5f31656365395f3030303030948c1863757272656e745f636865636b706f696e745f696e646578944affffffff8c0b73796e635f636f6e666967948c097261792e747261696e948c0a53796e63436f6e6669679493942981947d94288c0b73796e635f706572696f64944d2c018c0c73796e635f74696d656f7574944d08078c0e73796e635f61727469666163747394898c1c73796e635f6172746966616374735f6f6e5f636865636b706f696e74948875628c1273746f726167655f66696c6573797374656d948c0b70796172726f772e5f6673948c1446696c6553797374656d2e5f66726f6d5f7572699493948c0966696c653a2f2f2f5f94859452948c0f73746f726167655f66735f70617468948c32433a2f574f524b53504143455f4d41494e50524f4a4543542f444154415f414e414c595349532f7261795f726573756c7473948c0673796e6365729468008c115f46696c6573797374656d53796e6365729493942981947d94286815681b68114d2c0168124d08078c116c6173745f73796e635f75705f74696d659447fff00000000000008c136c6173745f73796e635f646f776e5f74696d659447fff00000000000008c0d5f73796e635f70726f63657373944e8c0c5f63757272656e745f636d64944e75628c0a5f74696d657374616d70948c13323032362d30322d30345f31362d33352d34369475622e\"\n  },\n  \"config\": {\n    \"window_size\": 60,\n    \"forecast_size\": 15,\n    \"units\": 32,\n    \"batch_size\": 128,\n    \"lr\": 0.0005171687907966557,\n    \"dropout\": 0.381822926816466,\n    \"n_epochs\": 20,\n    \"weight_decay\": 0.0003284403064006421\n  },\n  \"_Trial__unresolved_config\": {\n    \"window_size\": 60,\n    \"forecast_size\": 15,\n    \"units\": 32,\n    \"batch_size\": 128,\n    \"lr\": 0.0005171687907966557,\n    \"dropout\": 0.381822926816466,\n    \"n_epochs\": 20,\n    \"weight_decay\": 0.0003284403064006421\n  },\n  \"evaluated_params\": {\n    \"window_size\": 60,\n    \"forecast_size\": 15,\n    \"units\": 32,\n    \"batch_size\": 128,\n    \"lr\": 0.0005171687907966557,\n    \"dropout\": 0.381822926816466,\n    \"n_epochs\": 20,\n    \"weight_decay\": 0.0003284403064006421\n  },\n  \"experiment_tag\": \"0_batch_size=128,dropout=0.3818,forecast_size=15,lr=0.0005,n_epochs=20,units=32,weight_decay=0.0003,window_size=60\",\n  \"stopping_criterion\": {},\n  \"_setup_default_resource\": true,\n  \"_default_placement_group_factory\": \"80054e2e\",\n  \"placement_group_factory\": \"800595aa000000000000008c237261792e74756e652e657865637574696f6e2e706c6163656d656e745f67726f757073948c15506c6163656d656e7447726f7570466163746f72799493942981947d94288c085f62756e646c6573945d947d948c0347505594473ff000000000000073618c155f686561645f62756e646c655f69735f656d70747994898c095f7374726174656779948c045041434b948c055f6172677394298c075f6b7761726773947d9475622e\",\n  \"log_to_file\": [\n    null,\n    null\n  ],\n  \"max_failures\": 0,\n  \"_default_result_or_future\": null,\n  \"export_formats\": [],\n  \"status\": \"ERROR\",\n  \"relative_logdir\": \"trial_1ece9_00000\",\n  \"trial_name_creator\": null,\n  \"trial_dirname_creator\": {\n    \"_type\": \"CLOUDPICKLE_FALLBACK\",\n    \"value\": \"8005951f000000000000008c087261795f74756e65948c0e73686f7274656e65645f706174689493942e\"\n  },\n  \"custom_trial_name\": null,\n  \"custom_dirname\": \"trial_1ece9_00000\",\n  \"restore_path\": null,\n  \"_restore_checkpoint_result\": null,\n  \"_state_json\": null,\n  \"results\": \"80054e2e\",\n  \"extra_arg\": \"80054e2e\",\n  \"_resources\": \"80054e2e\"\n}", "{\n  \"start_time\": 1770190573.1168802,\n  \"num_failures\": 1,\n  \"num_failures_after_restore\": 0,\n  \"error_filename\": \"error.txt\",\n  \"pickled_error_filename\": \"error.pkl\",\n  \"last_result\": {\n    \"trial_id\": \"1ece9_00000\"\n  },\n  \"last_result_time\": -Infinity,\n  \"metric_analysis\": {},\n  \"_n_steps\": [\n    5,\n    10\n  ],\n  \"metric_n_steps\": {},\n  \"checkpoint_manager\": {\n    \"_type\": \"CLOUDPICKLE_FALLBACK\",\n    \"value\": \"80059583010000000000008c267261792e747261696e2e5f696e7465726e616c2e636865636b706f696e745f6d616e61676572948c125f436865636b706f696e744d616e616765729493942981947d94288c125f636865636b706f696e745f636f6e666967948c087261792e74756e65948c10436865636b706f696e74436f6e6669679493942981947d94288c0b6e756d5f746f5f6b656570944e8c1a636865636b706f696e745f73636f72655f617474726962757465944e8c16636865636b706f696e745f73636f72655f6f72646572948c036d6178948c14636865636b706f696e745f6672657175656e6379944b008c11636865636b706f696e745f61745f656e6494898c1a5f636865636b706f696e745f6b6565705f616c6c5f72616e6b73948c0a44455052454341544544948c1f5f636865636b706f696e745f75706c6f61645f66726f6d5f776f726b65727394681275628c135f636865636b706f696e745f726573756c7473945d948c195f6c61746573745f636865636b706f696e745f726573756c74944e75622e\"\n  }\n}"], ["{\n  \"stub\": false,\n  \"trainable_name\": \"train_fn\",\n  \"trial_id\": \"1ece9_00001\",\n  \"storage\": {\n    \"_type\": \"CLOUDPICKLE_FALLBACK\",\n    \"value\": \"800595ac030000000000008c1b7261792e747261696e2e5f696e7465726e616c2e73746f72616765948c0e53746f72616765436f6e746578749493942981947d94288c12637573746f6d5f66735f70726f766964656494898c136578706572696d656e745f6469725f6e616d65948c11726573765f6d6f64656c5f74756e696e67948c0e747269616c5f6469725f6e616d65948c11747269616c5f31656365395f3030303031948c1863757272656e745f636865636b706f696e745f696e646578944affffffff8c0b73796e635f636f6e666967948c097261792e747261696e948c0a53796e63436f6e6669679493942981947d94288c0b73796e635f706572696f64944d2c018c0c73796e635f74696d656f7574944d08078c0e73796e635f61727469666163747394898c1c73796e635f6172746966616374735f6f6e5f636865636b706f696e74948875628c1273746f726167655f66696c6573797374656d948c0b70796172726f772e5f6673948c1446696c6553797374656d2e5f66726f6d5f7572699493948c0966696c653a2f2f2f5f94859452948c0f73746f726167655f66735f70617468948c32433a2f574f524b53504143455f4d41494e50524f4a4543542f444154415f414e414c595349532f7261795f726573756c7473948c0673796e6365729468008c115f46696c6573797374656d53796e6365729493942981947d94286815681b68114d2c0168124d08078c116c6173745f73796e635f75705f74696d659447fff00000000000008c136c6173745f73796e635f646f776e5f74696d659447fff00000000000008c0d5f73796e635f70726f63657373944e8c0c5f63757272656e745f636d649468008c125f75706c6f61645f746f5f66735f706174689493947d94288c0a6c6f63616c5f70617468948c8c433a2f55736572732f757365722f417070446174612f4c6f63616c2f54656d702f7261792f73657373696f6e5f323032362d30322d30345f31362d33352d33395f3434343636305f3238342f6172746966616374732f323032362d30322d30345f31362d33352d34362f726573765f6d6f64656c5f74756e696e672f6472697665725f617274696661637473948c02667394681b8c0766735f70617468948c44433a2f574f524b53504143455f4d41494e50524f4a4543542f444154415f414e414c595349532f7261795f726573756c74732f726573765f6d6f64656c5f74756e696e67948c076578636c756465944e75869475628c0a5f74696d657374616d70948c13323032362d30322d30345f31362d33352d34369475622e\"\n  },\n  \"config\": {\n    \"window_size\": 60,\n    \"forecast_size\": 60,\n    \"units\": 64,\n    \"batch_size\": 128,\n    \"lr\": 0.006554027695271699,\n    \"dropout\": 0.377182617026942,\n    \"n_epochs\": 20,\n    \"weight_decay\": 0.0003289211477061989\n  },\n  \"_Trial__unresolved_config\": {\n    \"window_size\": 60,\n    \"forecast_size\": 60,\n    \"units\": 64,\n    \"batch_size\": 128,\n    \"lr\": 0.006554027695271699,\n    \"dropout\": 0.377182617026942,\n    \"n_epochs\": 20,\n    \"weight_decay\": 0.0003289211477061989\n  },\n  \"evaluated_params\": {\n    \"window_size\": 60,\n    \"forecast_size\": 60,\n    \"units\": 64,\n    \"batch_size\": 128,\n    \"lr\": 0.006554027695271699,\n    \"dropout\": 0.377182617026942,\n    \"n_epochs\": 20,\n    \"weight_decay\": 0.0003289211477061989\n  },\n  \"experiment_tag\": \"1_batch_size=128,dropout=0.3772,forecast_size=60,lr=0.0066,n_epochs=20,