{
  "batch_size": 32,
  "dropout": 0.32981975857423934,
  "lr": 0.0025719254272394713,
  "n_epochs": 10,
  "units": 128,
  "weight_decay": 0.00013382583161249904
}