{
  "batch_size": 64,
  "dropout": 0.16337412711565086,
  "lr": 0.0003749931714633847,
  "n_epochs": 10,
  "units": 32,
  "weight_decay": 0.0013071189284290599
}