{
  "batch_size": 64,
  "dropout": 0.43907859273326433,
  "forecast_size": 30,
  "lr": 0.0003662936495414677,
  "n_epochs": 10,
  "units": 32,
  "weight_decay": 2.124003420508292e-05,
  "window_size": 60
}