{
  "batch_size": 128,
  "dropout": 0.3997835105664699,
  "lr": 0.0004944695737977199,
  "n_epochs": 20,
  "units": 128,
  "weight_decay": 0.00237976264062887
}