{
  "batch_size": 128,
  "dropout": 0.2650206189393485,
  "lr": 0.0007222973364250427,
  "n_epochs": 10,
  "units": 64,
  "weight_decay": 5.1125140207724014e-05
}