{
  "batch_size": 64,
  "dropout": 0.27024986048646427,
  "forecast_size": 60,
  "lr": 0.000483661859475455,
  "n_epochs": 10,
  "units": 32,
  "weight_decay": 0.0002857451801029536,
  "window_size": 60
}