{
  "batch_size": 128,
  "dropout": 0.455759551023989,
  "lr": 0.00037282060229932787,
  "n_epochs": 15,
  "units": 32,
  "weight_decay": 1.3376952379845508e-05
}