{
  "batch_size": 32,
  "dropout": 0.22377629530510018,
  "lr": 0.000993828038931134,
  "n_epochs": 20,
  "units": 64,
  "weight_decay": 0.0015661403308127454
}