{
  "batch_size": 64,
  "dropout": 0.48051948969424574,
  "lr": 0.0001292062974920625,
  "n_epochs": 10,
  "units": 64,
  "weight_decay": 1.1518583014066392e-05
}