{
  "batch_size": 32,
  "dropout": 0.14718133407585898,
  "lr": 0.0027872913140892194,
  "n_epochs": 20,
  "units": 64,
  "weight_decay": 0.002467668407218371
}