{
  "batch_size": 64,
  "dropout": 0.4133294238766978,
  "lr": 0.00020934451613667643,
  "n_epochs": 20,
  "units": 128,
  "weight_decay": 0.0006477118559455238
}