{
  "batch_size": 128,
  "dropout": 0.13416457882668473,
  "lr": 0.0005436578204219071,
  "n_epochs": 10,
  "units": 64,
  "weight_decay": 0.0029609532992591813
}