{
  "batch_size": 32,
  "dropout": 0.3759369504996696,
  "lr": 0.0002779235875525704,
  "n_epochs": 15,
  "units": 128,
  "weight_decay": 0.0048403484177973605
}