{
  "batch_size": 32,
  "dropout": 0.46523889011154085,
  "lr": 0.00021429978696743178,
  "n_epochs": 15,
  "units": 128,
  "weight_decay": 0.00019105710142782738
}