{
  "batch_size": 128,
  "dropout": 0.2826842018337329,
  "lr": 0.0002453052440971829,
  "n_epochs": 10,
  "units": 32,
  "weight_decay": 0.0011962258328635914
}