{
  "batch_size": 32,
  "dropout": 0.35817312143059055,
  "lr": 0.0006681046028713306,
  "n_epochs": 15,
  "units": 32,
  "weight_decay": 0.00013808286964158046
}