{
  "batch_size": 64,
  "dropout": 0.5257808855680217,
  "forecast_size": 10,
  "lr": 0.008868812021414731,
  "n_epochs": 10,
  "units": 32,
  "weight_decay": 1.6520893418067864e-05,
  "window_size": 120
}