{
  "batch_size": 64,
  "dropout": 0.5450417842800522,
  "forecast_size": 10,
  "lr": 0.0008252757446590738,
  "n_epochs": 15,
  "units": 32,
  "weight_decay": 0.00010587294232717042,
  "window_size": 120
}