{
  "batch_size": 16,
  "dropout": 0.4359386399514734,
  "forecast_size": 30,
  "lr": 0.00036924713310963135,
  "n_epochs": 10,
  "units": 256,
  "weight_decay": 1.221994393748634e-05,
  "window_size": 60
}