{
  "batch_size": 64,
  "dropout": 0.10980217583258672,
  "lr": 0.00011540713668018491,
  "n_epochs": 10,
  "units": 64,
  "weight_decay": 0.006919694599102589
}