{
  "batch_size": 64,
  "dropout": 0.4785593396385145,
  "lr": 0.005865883943294382,
  "n_epochs": 10,
  "units": 32,
  "weight_decay": 1.3247097266382459e-05
}