{
  "batch_size": 32,
  "dropout": 0.27367792582932055,
  "lr": 0.00027519371252358036,
  "n_epochs": 15,
  "units": 32,
  "weight_decay": 0.0003376430997278406
}