{
  "batch_size": 128,
  "dropout": 0.22668308736859957,
  "lr": 0.003961346048317525,
  "n_epochs": 10,
  "units": 32,
  "weight_decay": 0.005961781098876484
}