{
  "batch_size": 32,
  "dropout": 0.2894234542443892,
  "lr": 0.00014156737385804448,
  "n_epochs": 15,
  "units": 128,
  "weight_decay": 0.0007583710124433906
}