{
  "batch_size": 128,
  "dropout": 0.46885251988114685,
  "forecast_size": 30,
  "lr": 0.0017176094200559526,
  "n_epochs": 15,
  "units": 64,
  "weight_decay": 1.0058864830421279e-05,
  "window_size": 60
}