{
  "batch_size": 64,
  "dropout": 0.3275181071776184,
  "lr": 0.006388042025580858,
  "n_epochs": 15,
  "units": 128,
  "weight_decay": 0.0002350615018048727
}