{
  "batch_size": 128,
  "dropout": 0.31108716190761815,
  "lr": 0.007837052536442866,
  "n_epochs": 20,
  "units": 32,
  "weight_decay": 1.1559324469065833e-05
}