{
  "batch_size": 128,
  "dropout": 0.46231574650986096,
  "lr": 0.0005180630185520086,
  "n_epochs": 15,
  "units": 64,
  "weight_decay": 2.1035539568606382e-05
}