{
  "batch_size": 64,
  "dropout": 0.27225699664338676,
  "lr": 0.006014589586288464,
  "n_epochs": 10,
  "units": 64,
  "weight_decay": 2.899414573302183e-05
}