{
  "batch_size": 64,
  "dropout": 0.4333084744874095,
  "lr": 0.0016211019939467311,
  "n_epochs": 10,
  "units": 64,
  "weight_decay": 0.0006054758568787847
}