{
  "batch_size": 128,
  "dropout": 0.43852313609819915,
  "lr": 0.0030952944264890122,
  "n_epochs": 20,
  "units": 32,
  "weight_decay": 1.1528214448240238e-05
}