{
  "batch_size": 32,
  "dropout": 0.28195776014696894,
  "lr": 0.004574161775382883,
  "n_epochs": 10,
  "units": 32,
  "weight_decay": 2.0383606570248132e-05
}