{
  "batch_size": 64,
  "dropout": 0.4482031203022424,
  "forecast_size": 60,
  "lr": 0.0008229248027813103,
  "n_epochs": 15,
  "units": 64,
  "weight_decay": 0.0010018976573095402,
  "window_size": 60
}