{
  "batch_size": 16,
  "dropout": 0.5183867967406811,
  "forecast_size": 60,
  "lr": 0.0004872769827869711,
  "n_epochs": 10,
  "units": 128,
  "weight_decay": 0.00015419391599366872,
  "window_size": 180
}