{
  "batch_size": 64,
  "dropout": 0.4760121704983392,
  "lr": 0.007853283927728924,
  "n_epochs": 15,
  "units": 128,
  "weight_decay": 0.00010848056291864544
}