{
  "batch_size": 64,
  "dropout": 0.1851204659627851,
  "lr": 0.0003899521417241588,
  "n_epochs": 10,
  "units": 32,
  "weight_decay": 0.0007764434129630514
}